{"items":[
{"key":"Nothing","value":""},

	{"key":"Comment_Vfx_Test starts here","value":"COMMENT"},
{"key":"Vfx_Test_0","value":"0"},
{"key":"Vfx_Test_1","value":"1"},
{"key":"Vfx_Test_2","value":"2"},
{"key":"Vfx_Test_3","value":"3"},
{"key":"Vfx_Test_4","value":"4"},
{"key":"Vfx_Test_5","value":"5"},
{"key":"Vfx_Test_6","value":"6"},
{"key":"Vfx_Test_7","value":"7"},
{"key":"Vfx_Test_8","value":"8"},
{"key":"Vfx_Test_9","value":"9"},
{"key":"Vfx_Test_ElHit","value":"Elephant hit"},

	{"key":"Comment: Menu text starts here","value":"COMMENT"},
{"key":"Men_MainDesc","value":"与Baldi一起玩捉迷藏! 你能在不输的情况下通关吗? "},
{"key":"Men_ContDesc","value":"<color=green>继续和Baldi一起玩捉迷藏!</color>"},
{"key":"Men_FreeDesc","value":"在这种模式下, Baldi不会来与你玩捉迷藏, 你可以尽情探索Baldi的超级学校! 你可以探索游戏了解玩法."},
{"key":"Men_ChallengeDesc","value":"试试Baldi的疯狂挑战的其中一个吧! (注意: 这些都很旧了, 但是为了旧的才留在了这里. 新的挑战地图将会在接近开发的尾声时添加.)"},
{"key":"Men_EndlessDesc","value":"在Baldi抓住你之前尽可能的收集多一点的笔记本! Baldi每隔一段时间都会加速,但是笔记本可以让他减速!"},
{"key":"Men_FieldTripDesc","value":"去尝试去野营! 练习迷你游戏! 并尝试获得最高分!"},
{"key":"Men_PickMode","value":"选择一个模式!"},
{"key":"Men_PickChallenge","value":"选择一个挑战!"},
{"key":"Men_PickTrip","value":"请选择一种实地考察!"},
{"key":"Men_About","value":"Baldi's Basics Plus目前还在抢先体验阶段! 还有许多工作要对游戏做, 包括:\n改进的菜单, 动态音乐, 恐怖元素, 教育元素, 和更多的内容 (例如关卡, 挑战, 角色等).\n<color=red> 期待bug! 如果你遇到了bug, 请在下面的链接里报告它."},
{"key":"Men_Warning","value":"<color=red>警告!</color>\n<color=green>Baldi's Basics Plus</color> 是一个不是那么恐怖的 <color=red>恐怖游戏</color> 而不是一款教育软件.\n\n虽然说在游戏开发阶段恐怖元素较少, 但是游戏还是包含了一些<color=red>闪烁的图像、跳杀伴随着巨大的噪音</color>,可能会让一些<color=red>敏感玩家</color>感到不舒服.\n\n\n按<color=yellow>任意键</color>继续"},

{"key":"Men_StoreConfirm","value":"你确定要离开了吗?\n<color=red>那将会失去你在柜台上的物品!</color>"},
{"key":"Men_StoreReady","value":"我确定!"},
{"key":"Men_StoreNotReady","value":"再想想!"},

{"key":"Men_EndlessRandom","value":"游玩一个随机生成的关卡! 你可以输入一个自定义种子或者让游戏随机选择一个. 你也可以通过点击高分来获取到其使用的种子!"},
{"key":"Men_EndlessMedium","value":"一张中等大小的预制地图."},

{"key":"Men_StealthyChallenge","value":"你放学后偷偷溜进了学校! 但是Principal of the Things (校长) 会抓你. 使用 <color=red>黑板檫</color>, <color=red>锁</color>, 和你的 <color=red>地图</color> 来避免被他们看见并收集7本笔记本."},
{"key":"Men_SpeedyChallenge","value":"这个挑战里只有你和Baldi. 但是,你和Baldi的移动速度都变得非常快快! 你能更快速的收集25本笔记本后逃离这个学校吗?"},
{"key":"Men_GrappleChallenge","value":"你的腿出了些问题, 但你恰巧带着一个可以无限使用的 <color=red>抓钩</color>! 你是否能在只有这种行动方式的情况下打败Baldi和其他人呢?"},

{"key":"Men_CampTrip","value":"与 Baldi 和朋友一起露营, 享受户外活动! 在 篝火狂欢 中帮助 Baldi 生火, 或在 吃快餐 中吃点东西!"},
{"key":"Men_FarmTrip","value":"农场被烧毁了! 但是不用担心, 修复农场计划已经开始."},
{"key":"Men_TripWillReturn","value":"农场实地考察很快就会回归! Baldi对延误表示歉意."},

{"key":"Men_NewScoreTrip","value":"突破分数!!!"},
{"key":"Men_NewScoreRank","value":"评级: "},
{"key":"Men_NewScoreTripFinal","value":"最终得分: \n"},

{"key":"Men_PlaceMarker","value":"标点"},
{"key":"Men_MarkersFull","value":"已达到标点限制"},

{"key":"Men_GeneralSettings","value":"常规设置"},
{"key":"Men_AudioSettings","value":"音频设置"},
{"key":"Men_GraphicsSettings","value":"视频设置"},
{"key":"Men_ControlMapper","value":"按键映射"},

{"key":"Men_MouseSensitivity","value":"鼠标灵敏度"},

{"key":"Men_Pause","value":"暂停菜单"},
{"key":"Men_QuitConfirm","value":"你确定要退出吗?"},
{"key":"Men_PauseSeed","value":"种子号:"},

{"key":"But_Seed","value":"种子号: "},
{"key":"But_SeedRandom","value":"随机"},

{"key":"But_Back","value":"返回"},
{"key":"But_Start","value":"开始!"},
{"key":"But_Play!","value":"开始!"},
{"key":"But_Continue","value":"继续"},
{"key":"But_Skip","value":"跳过"},
{"key":"But_Quit","value":"退出"},
{"key":"But_QuitYes","value":"确定"},
{"key":"But_QuitNo","value":"取消"},
{"key":"But_Resume","value":"继续"},
{"key":"But_Options","value":"设置"},
{"key":"But_MainMode","value":"躲猫猫"},
{"key":"But_FreeMode","value":"体验玩法"},
{"key":"But_EndlessMode","value":"无尽模式"},
{"key":"But_ChallengeMode","value":"<color=red>挑战</color>"},
{"key":"But_FieldTrip","value":"<color=green>野营</color>"},
{"key":"But_Website","value":"网站"},
{"key":"But_Updates","value":"更新"},
{"key":"But_Bugs","value":"报告bug"},
{"key":"But_NewFile","value":"新账户"},
{"key":"But_EndlessMedium","value":"中等"},
{"key":"But_EndlessRandom","value":"随机"},
{"key":"But_Scores","value":"分数"},

{"key":"Notebooks","value":"{0}本笔记本"},

{"key":"Mode_HideSeek","value":"Hide & Seek"},
{"key":"Mode_Endless","value":"Endless"},
{"key":"Mode_FieldTrip","value":"Field Trips"},
{"key":"Mode_Challenge","value":"Challenge"},
{"key":"Mode_Pitstop","value":"Pitstop"},

{"key":"Level_Main1","value":"Level 1"},
{"key":"Level_Main2","value":"Level 2"},
{"key":"Level_Main3","value":"Level 3"},
{"key":"Level_Main_Finished","value":"Ending"},
{"key":"Level_Endless_Medium","value":"Medium"},
{"key":"Level_Endless_Random","value":"Random"},
{"key":"Level_Challenge_Stealthy","value":"Stealthy"},
{"key":"Level_Challenge_Speedy","value":"Speedy"},
{"key":"Level_Challenge_Grapple","value":"Grapple"},
{"key":"Level_Trip_Camping","value":"Camping"},


{"key":"Steam_NewFile","value":"输入一个名字. 你最多可以输入8个字母."},
{"key":"Steam_DupeFile","value":"名字已存在! 请输入一个新名称."},
{"key":"Steam_SeedInput","value":"输入一个种子. 值的范围可以从 -2147483615 到 2147483615选择."},
{"key":"Steam_SeedBad","value":"种子不可用! 只能输入 -2147483615 到 2147483615 的种子."},
{"key":"Steam_Highlight_Win","value":"Win!"},
{"key":"Steam_Highlight_Win_Desc","value":"Beat level {0}!"},
{"key":"Steam_Highlight_Lose","value":"Lose..."},
{"key":"Steam_Highlight_Lose_Desc","value":"Lost {0} - {1}."},
{"key":"Steam_Highlight_HighScore","value":"Endless high score!"},
{"key":"Steam_Highlight_HighScore_Desc","value":"Got high score #{0} with {1} notebooks in the Endless {2} map!"},
{"key":"Steam_Highlight_MinigameHighScore","value":"{0} high score!"},
{"key":"Steam_Highlight_MinigameHighScore_Desc","value":"Got high score #{0} with {1} points in {2}!"},

{"key":"But_End_Random","value":"随机"},
{"key":"But_End_Medium","value":"中等"},

{"key":"But_Chal_Speedy","value":"速度与激情模式"},
{"key":"But_Chal_Stealthy","value":"潜行模式"},
{"key":"But_Chal_Grapple","value":"抓钩模式"},

{"key":"But_Trip_Camp","value":"露营"},
{"key":"But_Trip_Farm","value":"农场"},

	{"key":"Comment_Option text starts here","value":"COMMENT"},
{"key":"Opt_General","value":"常规设置"},
{"key":"Opt_Audio","value":"音频设置"},
{"key":"Opt_Graphics","value":"图形设置"},
{"key":"Opt_Controls","value":"控制"},
{"key":"Opt_Extras","value":"额外选项"},
{"key":"Opt_Data","value":"存档"},
{"key":"Opt_MouseSensitivity","value":"鼠标灵敏度"},
{"key":"Opt_ControllerSensitivity","value":"控制器灵敏度"},
{"key":"Opt_Camera","value":"相机"},
{"key":"Opt_Cursor","value":"鼠标"},
{"key":"Opt_Flashing","value":"减少闪烁"},
{"key":"Opt_Subs","value":"字幕"},
{"key":"Opt_Volume","value":"声音设置"},
{"key":"Opt_Effects","value":"音效声音"},
{"key":"Opt_Voices","value":"角色声音"},
{"key":"Opt_Music","value":"音乐声音"},
{"key":"Opt_Resolution","value":"分辨率"},
{"key":"Opt_Full","value":"全屏"},
{"key":"Opt_Vsync","value":"垂直同步"},
{"key":"Opt_Filter","value":"像素过滤"},
{"key":"Opt_Apply","value":"保存"},
{"key":"Opt_Authentic","value":"真实模式"},
{"key":"Opt_Rumble","value":"噪音"},
{"key":"Opt_ChangeName","value":"更改名字"},
{"key":"Opt_ResetEndlessScores","value":"重置无尽分数"},
{"key":"Opt_ResetTripScores","value":"重置野营分数"},
{"key":"Opt_DeleteFile","value":"重置游戏存档"},
{"key":"Opt_ConfirmNameChange","value":"输入新名称后按下确认键完成."},
{"key":"Opt_NameExists","value":"名称已存在!"},
{"key":"Opt_ConfirmDelete","value":"<color=red>您确定要删除保存的游戏数据吗?在那之后您将无法反悔!(真的无法反悔)</color>"},
{"key":"Opt_Deleting","value":"<color=red>正在删除!</color>"},
{"key":"Opt_ConfirmEndlessReset","value":"<color=red>你确定要重置无尽模式的分数吗?</color>"},
{"key":"Opt_EndlessReset","value":"无尽模式高分已重置."},
{"key":"Opt_ConfirmTripReset","value":"<color=red>你确定要重置实地考察的分数吗?</color>"},
{"key":"Opt_TripReset","value":"实地考察高分已重置."},
{"key":"Opt_Game","value":"游戏设置"},
{"key":"Opt_PlayStyle","value":"游戏模式"},
{"key":"Opt_LifeMode_Normal","value":"常规"},
{"key":"Opt_LifeMode_Arcade","value":"街机模式"},
{"key":"Opt_LifeMode_Intense","value":"困难模式"},
{"key":"Opt_Challenges","value":"挑战"},
{"key":"Opt_TimeLimitChallenge","value":"限时 1 分钟"},
{"key":"Opt_MapChallenge","value":"无地图"},
{"key":"Opt_InventoryChallenge","value":"缩水的物品栏"},

	{"key":"Comment_Tool tip text starts here","value":"COMMENT"},
{"key":"Tip_SensitivityCategory","value":"在鼠标和控制摇杆灵敏度设置之间切换."},
{"key":"Tip_CameraSensitivity","value":"控制视角的灵敏度."},
{"key":"Tip_CursorSensitivity","value":"控制鼠标灵敏度."},
{"key":"Tip_Flashing","value":"降低某些视觉效果的强度\n这些视觉效果可能会让某些玩家感到不舒服."},
{"key":"Tip_Subtitles","value":"为所有语音线路和重要音效启用定向字幕."},
{"key":"Tip_VolumeEffects","value":"设置音效音量."},
{"key":"Tip_VolumeVoices","value":"设置人物音量."},
{"key":"Tip_VolumeMusic","value":"设置音乐音量."},
{"key":"Tip_Resolution","value":"更改游戏分辨率."},
{"key":"Tip_Full","value":"全屏模式和窗口模式切换."},
{"key":"Tip_Vsync","value":"垂直同步将尝试使游戏与显示器的刷新率相匹配\n这可以防止屏幕撕裂等问题\n但是，如果您遇到性能问题\n关闭垂直同步可能会获得更好的性能."},
{"key":"Tip_Filter","value":"过滤动画设置\n使像素在非整数比例屏幕分辨率下显示为正方形\n模糊程度最小."},
{"key":"Tip_Apply","value":"应用当前图形设置.\n未应用的设置将不会被保存."},
{"key":"Tip_Authentic","value":"假如Baldi's basics Plus游戏在1999发布!"},
{"key":"Tip_NoGame","value":"此设置在游戏过程中无法更改此项."},
{"key":"Tip_Rumble","value":"启用后，控制器将针对某些游戏事件发出噪音声."},
{"key":"Tip_ChangeName","value":"修改名称."},
{"key":"Tip_DeleteEndlessScores","value":"<color=red>将所有无尽模式\n高分重置为默认值.</color>"},
{"key":"Tip_DeleteTripScores","value":"<color=red>将所有实地考察的\n高分重置为默认值.</color>"},
{"key":"Tip_DeleteFile","value":"<color=red>继续将会永久删除你的存档! 请在\n继续之前确保你不会后悔.</color>"},
{"key":"Tip_PlayStyle","value":"调整复活的运行方式. 更改不会应用于正在进行中的游戏.<br>普通模式: 您在每个关卡开始时都会获得3条命.<br>街机模式: 游戏开始时您拥有三条命, 但在后续的每个关卡中都不会再额外获得生命<br>严格模式: 整场游戏中, 您仅有一条命. 一旦失去, 游戏即刻结束!"},
{"key":"Tip_Challenges","value":"这些设置会改变游戏的方式，使其更具挑战性！\n仅当开始新的捉迷藏游戏时，这些设置的更改才有效。"},
{"key":"Tip_TimeLimitChallenge","value":"设置每关时间限制为一分钟，还得快点！"},
{"key":"Tip_MapChallenge","value":"彻底禁用地图。注意点吧！"},
{"key":"Tip_InventoryChallenge","value":"使用一件物品时，你将失去该关卡剩余物品栏的一个槽位。请慎重使用！"},

	{"key":"Comment_Hud text starts here","value":"COMMENT"},
{"key":"Hud_Notebooks","value":"个笔记本"},

	{"key":"Comment_Itm text starts here","value":"COMMENT"},
{"key":"Itm_Nothing","value":"什么都没有"},
{"key":"Itm_ZestyBar","value":"能量巧克力"},
{"key":"Itm_Bsoda","value":"苏打水"},
{"key":"Itm_Boots","value":"大靴子"},
{"key":"Itm_DetentionKey","value":"校长的钥匙"},
{"key":"Itm_GrapplingHook","value":"5个钩爪"},
{"key":"Itm_GrapplingHook4","value":"4个钩爪"},
{"key":"Itm_GrapplingHook3","value":"3个钩爪"},
{"key":"Itm_GrapplingHook2","value":"2个钩爪"},
{"key":"Itm_GrapplingHook1","value":"钩爪"},
{"key":"Itm_NoSquee","value":"润滑油"},
{"key":"Itm_Quarter","value":"硬币"},
{"key":"Itm_DoorLock","value":"平开门的锁"},
{"key":"Itm_Tape","value":"Baldi最不喜欢的磁带"},
{"key":"Itm_Apple","value":"给Baldi的苹果"},
{"key":"Itm_AlarmClock","value":"闹钟"},
{"key":"Itm_ChalkEraser","value":"黑板擦"},
{"key":"Itm_Nametag","value":"教师名牌"},
{"key":"Itm_PrincipalWhistle","value":"召唤校长的口哨"},
{"key":"Itm_Scissors","value":"剪刀"},
{"key":"Itm_Teleporter","value":"危险的传送器"},
{"key":"Itm_PortalPoster","value":"传送门"},
{"key":"Itm_NanaPeel","value":"香蕉皮"},
{"key":"Itm_DietBsoda","value":"无糖苏打水"},
{"key":"Itm_BusPass","value":"校车通行证"},

	{"key":"Comment_Item description text starts here","value":"COMMENT"},
{"key":"Desc_Nothing","value":"什么?! 这应该是不可能的!"},
{"key":"Desc_ZestyBar","value":"能量巧克力\n吃一个能变成耐跑王?!"},
{"key":"Desc_Bsoda","value":"苏打水\n打开一罐装满的苏打水并喷走任何想挡你路的人!\n成分: 蓝色, 高果糖玉米糖浆, 电, 2% 或更少的: 水, 蓝色 2."},
{"key":"Desc_Boots","value":"大靴子\n这些大靴子会帮助你保持你的脚在地面上!\n防止你被其他角色或在学校里找到的障碍物推动."},
{"key":"Desc_DetentionKey","value":"校长的钥匙\n带着校长的钥匙去破坏你想要破坏的规矩吧! 使用即可打开任何锁着的门,\n甚至那些还没有被Principal of the Thing (校长) 锁住的也可以!"},
{"key":"Desc_GrapplingHook","value":"钩爪\n把这个小玩意射到墙上, 可以把你迅速的拉向它.,\n也可以让你更快的走出棘手的情况."},
{"key":"Desc_NoSquee","value":"润滑油\n厌倦了暴露你的位置的噪音? 润滑油可以解决你的问题!\n将其喷在门或储物柜上来使其变得安静. 从而使让Baldi (巴迪) 听不见!"},
{"key":"Desc_Quarter","value":"硬币\n一个闪亮亮的硬币! 在任何需要一个闪亮亮的硬币的东西上特别有用!"},
{"key":"Desc_DoorLock","value":"平开门的锁\n将其放在任何一个平开门上,\n将其锁十几秒钟以阻止任何想要从那边过来的人. 注意, 人们还是可以透过锁住的平开门看到你!"},
{"key":"Desc_Tape","value":"Baldi最不喜欢的磁带\n这盘磁带是一名学生精心设计的, 只要播放, 就能有效地让Baldi (巴迪) 失去听力.\n如果你能听到磁带的声音, 你就可以发出任何你想发出的声音, 无忧无虑!"},
{"key":"Desc_Apple","value":"给Baldi的苹果\n将其给Baldi (巴迪) 后他会忍不住快速的休息一下并将其吃掉!"},
{"key":"Desc_AlarmClock","value":"闹钟\n设置这个闹钟后, 当闹钟响时, Baldi会想去看一看!\n除非他已经看见你了, 他没有那么傻."},
{"key":"Desc_ChalkEraser","value":"黑板擦\n使用它会有云一样的粉笔灰并阻挡NPC的视线. 站在里面即可隐藏, 或使用它来偷偷的在它们没看见你时通过."},
{"key":"Desc_Nametag","value":"教室名牌\n体验在Baldi的超级校舍里工作的感觉! 当你使用这个时, 没有人会找你的麻烦!\n好吧, 除了Baldi (巴迪) , 当他看见时他会知道那是假的名牌."},
{"key":"Desc_PrincipalWhistle","value":"召唤校长的口哨\n需要及时的制裁? 吹这个哨子后Principal of the Thing (校长) 会飞快的到达你的位置!"},
{"key":"Desc_Scissors","value":"剪刀\n用这些高档的安全剪刀来切开任何*东西!\n*事实上, 这是有史以来最钝的剪刀并且还只能剪断跳绳, 泡泡糖, 和便宜的线."},
{"key":"Desc_Teleporter","value":"危险的传送器\n使用后你将不会知道你最终会在哪里! 它可能会把你带到安全的地方, 也可能会带来厄运! 这就是我所说的乐趣!"},
{"key":"Desc_PortalPoster","value":"传送门\n如果另一边有一个房间, 把这个放在墙上即可通过. 由Baldi他自己发明的超级科技!"},
{"key":"Desc_MapFill","value":"完整的地图!\n买了这个后你的地图就会立即填满!\n有了这个, 你甚至可以在进入一个关卡之前规划一条路线,\n还可能会发现一些秘密!"},
{"key":"Desc_Suspend","value":"目前还不可用!\n我想知道那会是为了什么留的..."},
{"key":"Desc_NanaPeel","value":"'香蕉皮\n把它扔在地板上, 任何走过它的人都会滑倒.\n直到撞到墙上！但是小心，<b>你也会滑倒!</b>"},
{"key":"Desc_DietBsoda","value":"无糖苏打水\n为了让学生们能够保证健康我们推荐\n无糖苏打水! 无糖苏打水的气泡减少了90%, 无糖苏打水的味道可能你仍然喜欢\n也能让你变得更健康!"},
{"key":"Desc_BusPass","value":"校车通行卡\n如果您想要去野营, 您必须要随身携带才可以!"},

	{"key":"Comment_Misc GUI text starts here.","value":"COMMENT"},
{"key":"YCTP_Victory1","value":"很好!你太棒了!"},
{"key":"YCTP_Fail1","value":"我能听见你打开的每一扇门!!!"},
{"key":"YCTP_Fail2","value":"我为你做错的每一个题生气!!!"},
{"key":"YCTP_Recover1","value":"这更像是..."},
{"key":"YCTP_Recover2","value":"我不记得这个人应该说什么..."},

	{"key":"Comment_Posters start here.","value":"COMMENT"},
{"key":"PST_HNT_Rules1","value":"校规 !"},
{"key":"PST_HNT_Rules2","value":"你得遵守如下校规:\n1. 不准跑步\n2. 不准进去办公室\n ( School Faculty Only )\n3. 不准霸凌\n4. 不准喝汽水饮料\n5. 不准逃出禁闭室\n6. 不准打破第四面墙"},

{"key":"PST_PRI_Baldi1","value":"Baldi (巴迪)"},
{"key":"PST_PRI_Baldi2","value":"厉害的老师,因为他有着令人难以置信的听力能力!他不仅能分辨出声音的来源,还能分辨出是谁发出!"},
{"key":"PST_PRI_Sweep1","value":"Gotta Sweep (扫把)"},
{"key":"PST_PRI_Sweep2","value":"当学校7小时后开学, 而你还没有雇佣清洁工时, 你会做什么? 雇把扫帚! <b>他会横扫一切!!!</b>"},
{"key":"PST_PRI_Beans1","value":"Beans (土豆)"},
{"key":"PST_PRI_Beans2","value":"试图通过吹泡泡糖泡泡来给别人留下深刻印象,但通常最终只是把它们吐出来."},
{"key":"PST_PRI_Bully1","value":"It's a Bully\n<size=10>(这是一个恶霸)</size>"},
{"key":"PST_PRI_Bully2","value":"在这里的学校,我们相信每所好学校都需要一个霸凌!这就是我们有这个孩子的原因!"},
{"key":"PST_PRI_Chalk1","value":"Chalkles (粉笔)"},
{"key":"PST_PRI_Chalk2","value":"某个熊孩子画了这张脸,接下来你就知道它飘来飘去,笑着恶作剧."},
{"key":"PST_PRI_Crafters1","value":"Arts and Crafters\n<size=10>(艺术品袜子)</size>"},
{"key":"PST_PRI_Crafters2","value":"他非常害羞,经常试图避免玩家。不喜欢被人盯着看,嫉妒笔记本比他多的人."},
{"key":"PST_PRI_Cloud1","value":"Cloudy Copter\n<size=10>(一朵云)</size>"},
{"key":"PST_PRI_Cloud2","value":"一个喜欢做云的云,做云的事情。飘来飘去,吹着强风吹过学校."},
{"key":"PST_PRI_Playtime1","value":"Playtime\n<size=10>(游戏时间)</size>"},
{"key":"PST_PRI_Playtime2","value":"尽管她的视力很差,记忆力很差,但她一直在寻找玩伴!\n\n\"一起来玩吗!\""},
{"key":"PST_PRI_Pomp1","value":"Mr.Pomp (庞颇夫人)"},
{"key":"PST_PRI_Pomp2","value":"她穿着她的高跟鞋跳来跳去, 邀请学生到她的课堂上来. 确保你没有迟到! 否则..."},
{"key":"PST_PRI_Principal1","value":"Principal of the Thing\n<size=10>(校长)</size>"},
{"key":"PST_PRI_Principal2","value":"\"如果我看到有人违反校规,我会确保正义得到伸张!会把把为非做单的人抓起来起来!\""},
{"key":"PST_PRI_Prize1","value":"1st Prize （第一名)"},
{"key":"PST_PRI_Prize2","value":"在机器大赛上获得一等奖!喜欢拥抱别人,冲向它看到的任何人. 可悲的是,它转得非常慢. "},
{"key":"PST_PRI_Test1","value":"The Test (测试)"},
{"key":"PST_PRI_Test2","value":"如果你想关注任何人，看看这个家伙就知道了！别忘了你上次发现他的地方!"},
{"key":"PST_PRI_Reflex1","value":"Dr. Reflex\n<size=10>(反射医生)</size>"},
{"key":"PST_PRI_Reflex2","value":"一个廉价的医生, 他用一种独特的反射测试方法来诊断学生. 测试结束前千万不要离开!"},

{"key":"PST_HNT_Boots","value":"清洁工打扫时必须穿靴子!"},
{"key":"PST_HNT_NoSquee","value":"润滑油! \n 当你的门声太吵时它可以消除声音!"},
{"key":"PST_HNT_PartyEnd","value":"数气球! 每种颜色你能找到多少种? 去做吧!"},
{"key":"PST_HNT_Phone","value":"学生们:\n当Baldi在学校里时,请不要使用电话.\n\n这会让他忘记自己在做什么,并且他什么也听不见."},
{"key":"PST_HNT_Scissors","value":"嘿, 孩子们!\n剪刀对于以下这些物品很有用:\n纸\n跳绳\n机器人的电线\n作业"},
{"key":"PST_HNT_Windows","value":"<b>注意!</b>\n由于游戏设置原因,学校里的人物没有办法透过一些窗户看到彼此.\n\n请谅解. "},
{"key":"PST_HNT_YTPs","value":"只有\n思考\n才能\n获取奖励"},
{"key":"PST_HNT_Read","value":"请\n阅读这些海报, 它们可能可以帮助你."},
{"key":"PST_HNT_SaveQuit","value":"保存并退出请来这里! (<color=red><b>仅支持躲猫猫模式</b></color>)!"},

{"key":"PST_TXT_Inspiration","value":"<color=green>当</color> <color=red>你</color> <color=blue>有意愿</color> <color=green>的</color> <color=red>时候,</color> <color=green>不要</color> <color=blue>说</color> <color=red>\"永远不会\"!</color> <color=blue>留</color> <color=red>下</color> <color=green>那些</color> <color=blue>想法吧!</color>"},
{"key":"PST_TXT_ClassicSecret1","value":"你赢了!"},
{"key":"PST_TXT_ClassicSecret2","value":"不过你还有改进的余地..."},
{"key":"PST_TXT_ClassicSecret3","value":"去Baldi办公室获得一些启示吧!"},
{"key":"PST_TXT_Recycle","value":"请清理\n\n<b>你的食物</b>"},

{"key":"PST_CLS_BaldiSays1","value":"玩得\n<b>开心</b>很\n<b>有趣</b>！"},
{"key":"PST_CLS_BaldiSays2","value":"准备好学习吧!!"},
{"key":"PST_CLS_BaldiSays3","value":"这个学校\n不是\n超级棒吗?"},
{"key":"PST_CLS_BaldiSays4","value":"你是我最好的Baldi!"},
{"key":"PST_CLS_BaldiSays5","value":"和我一起理解和学习!"},
{"key":"PST_CLS_BaldiSays6","value":"午饭时间\n到了吗? 我太饿了!"},
{"key":"PST_CLS_BaldiSays7","value":"教育"},
{"key":"PST_CLS_BaldiSays8","value":"你感到困惑吗? 你会弄清楚的! "},
{"key":"PST_CLS_BaldiSays9","value":"不要玩太久，你不饿吗!"},
{"key":"PST_CLS_Numbers","value":"数学就是这么简单"},
{"key":"PST_CLS_BaldiBuried","value":"把它们收集起来"},

{"key":"PST_CHK_Apple","value":"每天一苹果,医生远离我."},
{"key":"PST_CHK_BaldiSays1","value":"Baldi说:"},
{"key":"PST_CHK_BaldiSays2","value":"你不能隐瞒我,哈哈!"},
{"key":"PST_CHK_Chalk","value":"黑\n  板!"},
{"key":"PST_CHK_Cheese","value":"今日课程:\n如何吃奶酪"},
{"key":"PST_CHK_G","value":"\nHealthy\n  保持健康"},
{"key":"PST_CHK_Math1","value":"数学 = 更多的数学 ="},
{"key":"PST_CHK_Math2","value":"数学"},
{"key":"PST_CHK_Math3","value":"数学<sup>数学<sup>数学<sup>数学<sup>数学<sup>数学</sup></sup></sup></sup></sup>"},
{"key":"PST_CHK_Possible1","value":"做吧,你是"},
{"key":"PST_CHK_Possible2","value":"可以的!"},
{"key":"PST_CHK_TreeHint","value":"C\n O\n  O\n    L"},
{"key":"PST_CHK_World","value":"这个世界很大.下课."},

{"key":"PST_BLT_Meeting","value":"会议\n迫在\n眉睫."},
{"key":"PST_BLT_Blah","value":"巴拉巴拉巴拉巴拉巴拉巴拉巴拉巴拉巴拉巴拉巴拉巴拉巴拉巴拉巴拉"},
{"key":"PST_BLT_Review","value":"<color=red>不要查看更新的合同</color>他们很好."},
{"key":"PST_BLT_Computer","value":"如果计算机无法开机, 请尝试摇晃开关."},
{"key":"PST_BLT_HeyKid","value":"嘿, 孩子, 你不应该在这里!!!"},
{"key":"PST_BLT_All","value":"所有员工必须"},
{"key":"PST_BLT_Fired","value":"如何被解雇:\n失败\n失败\n失败\n失败"},
{"key":"PST_BLT_Budget","value":"预算概览:\n$1,000 - 教科书\n$18.99 - 电脑\n$500 - 薪水\n$10,000 - 维修\n$3,497 - 图钉\n$1,000,000 - 空运\n$0.04 - 员工培训\n$123 - 更多图钉"},
{"key":"PST_BLT_Hawaii","value":"爆! 下周我在夏威夷度假时, 每个人都可以穿夏威夷衬衫上班! 这是我感谢所有员工辛勤工作的方式!"},

{"key":"PST_PHT_BeAKid_1","value":"做个\n孩子."},
{"key":"PST_PHT_BeAKid_2","value":"会\n很烦人!"},
{"key":"PST_PHT_Candy","value":"糖!"},

{"key":"PST_CMC_Mail1","value":"女士们先生们..."},
{"key":"PST_CMC_Mail2","value":"如您所见..."},
{"key":"PST_CMC_Mail3","value":"这是一个邮箱."},
{"key":"PST_CMC_Mail4","value":"我会打开它!"},
{"key":"PST_CMC_Mail5","value":"用我的牙齿!!"},
{"key":"PST_CMC_Baldiman1","value":"你好, 我的孩子! 我是Baldi超人, 我可以发明"},
{"key":"PST_CMC_Baldiman2","value":"任何东西!"},
{"key":"PST_CMC_Baldiman3","value":"你可以发明剪指甲刀吗?!"},
{"key":"PST_CMC_Baldiman4","value":"当然!"},
{"key":"PST_CMC_Baldiman5","value":"过了一会..."},
{"key":"PST_CMC_Baldiman6","value":"看啊!"},
{"key":"PST_CMC_Baldiman7","value":"看起来像一把粘着锈刀的手提钻..."},
{"key":"PST_CMC_Baldiman8","value":"<b>噢是的呢!</b> 它肯定可以剪掉你的脚趾!"},
{"key":"PST_CMC_Baldiman9","value":"好的, 很酷, 谢谢, 再见, 先生, 我要走了."},
{"key":"PST_CMC_Hair1","value":"谁还需要头发?\n\n我不需要."},
{"key":"PST_CMC_Hair2","value":"头发是不自然的!"},
{"key":"PST_CMC_Hair3","value":"事实上, 所有的头发都应该被"},
{"key":"PST_CMC_Hair4","value":"烧掉!"},
{"key":"PST_CMC_Hair5","value":"烧掉头发!"},
{"key":"PST_CMC_Hair6","value":"救命啊!"},
{"key":"PST_CMC_Hair7","value":"啊啊啊!!!"},

{"key":"TAG_Sold","value":"出售"},
{"key":"TAG_Out","value":"售空"},
{"key":"TAG_Sale","value":"降价!"},

	{"key":"Comment_Minigame messages start here!","value":"COMMENT"},
{"key":"Mgm_Results","value":"<b>结果</b>"},
{"key":"Mgm_Leaderboard","value":"高分榜"},
{"key":"Mgm_FinalScore","value":"最终得分: {0} 分\n\n"},
{"key":"Mgm_HighScore","value":"恭喜!\n你在高分榜上位居第{0}!"},
{"key":"Mgm_LoseEndless","value":"这次你没有达到高分. 再试试吧!"},
{"key":"Mgm_GoodIndicator","value":"好!"},
{"key":"Mgm_BadIndicator","value":"坏!"},
{"key":"Mgm_Base_Win","value":"你赢了! 可以拿3个物品!"},
{"key":"Mgm_Base_Lose","value":"你输了... 没有物品给你!"},
{"key":"Mgm_Base_Perfect","value":"完美得分! +{0} YTPs"},
{"key":"Mgm_Score","value":"分数: {0}"},
{"key":"Mgm_Remaining","value":"剩余: {0}"},
{"key":"Mgm_Round","value":"第 {0} 回合"},
{"key":"Mgm_FinalRound","value":"最后一轮"},
{"key":"Mgm_BonusRound","value":"奖励回合 {0}"},

{"key":"Mgm_Picnic_Title","value":"<b>吃快餐</b>"},
{"key":"Mgm_Picnic_Desc","value":"赶快抢点东西吃, 以免Baldi的胃口太大而抢不到食物!\n不过, 不要拿他最喜欢的食物!"},
{"key":"Mgm_Picnic_Win","value":"撑死我了! 你也? 太棒了, 现在我们可以去远航了!"},
{"key":"Mgm_Picnic_Lose","value":"撑死我了! 你还饿吗? 但我们才刚吃了一顿丰盛的午餐欸!"},
{"key":"Mgm_Picnic_Tut1","value":"你还饿吗? 因为我饿! 让我们一起玩 吃快餐!"},
{"key":"Mgm_Picnic_Tut2","value":"盖好的盘子将被放在野餐桌上.\n请耐心等待它们被打开!\n如果您点击一个盖着的盘子, 您将会被干一下."},
{"key":"Mgm_Picnic_Tut3","value":"在等待的时候, 建议看看我想吃的食物.\n我真的很喜欢吃这些食物, 所以要注意点!"},
{"key":"Mgm_Picnic_Tut4","value":"被子已盖上! 晚餐准备好了!"},
{"key":"Mgm_Picnic_Tut5","value":"当盖子被掀开时, 迅速拿一份我不太想吃的食物!\n无论你点哪个, 都会成为你吃的食物, 而不是我的!"},
{"key":"Mgm_Picnic_Tut6","value":"例如, 为了赢得这一轮, 您可以点击\n苹果, 鸡腿或热狗."},
{"key":"Mgm_Picnic_Tut7","value":"不过要快! 如果你拖得太久, 我可能会直接把桌子上的东西都打包带走,\n然后你就错过你的机会了!"},
{"key":"Mgm_Picnic_Tut8","value":"如果你点击我准备吃的其中一种食物,\n这将会让我伤心, 而你也难逃一劫!"},
{"key":"Mgm_Picnic_Tut9","value":"哦不, 我想吃汉堡包!"},
{"key":"Mgm_Picnic_Tut10","value":"那个无良恶霸喜欢恶作剧,\n所以他有时会偷偷把一些炸弹放在我们的晚饭里!"},
{"key":"Mgm_Picnic_Tut11","value":"当出现这种情况时, 点击炸弹将其击落,\n并确保在拿到食物之前完成此操作!"},
{"key":"Mgm_Picnic_Tut12","value":"如果我发现你已经吃完了,\n我就会把桌上所有东西都拿走然后……\n哎呀! 又是一个好球! 三次过后就结束了! "},
{"key":"Mgm_Picnic_Tut13","value":"小心! 有些回合可能会非常棘手哦!"},

{"key":"Mgm_Campfire_Title","value":"<b>篝火狂欢</b>"},
{"key":"Mgm_Campfire_Desc","value":"往火里注入燃料, 让火焰继续燃烧吧. 不过要小心, 并不是所有的燃料都适合生火!"},
{"key":"Mgm_Campfire_Win","value":"哇, 这火能让我们一整晚都暖和! 干得好!"},
{"key":"Mgm_Campfire_Lose","value":"哦不! 没有火就没有烤棉花糖吃了! 祝你下次好运."},
{"key":"Mgm_Campfire_Tut1","value":"多么美丽的篝火啊! 让我们一起玩篝火狂欢, 来确保它不会熄灭吧!"},
{"key":"Mgm_Campfire_Tut2","value":"一些燃料将被扔到 First Prize 的手中.\n比如那个木头用来生火就很好！"},
{"key":"Mgm_Campfire_Tut3","value":"一旦 First Prize 获得一些燃料,\n使用动作键将其发射至篝火中."},
{"key":"Mgm_Campfire_Tut3_5","value":"看看它!"},
{"key":"Mgm_Campfire_Tut4","value":"并非所有 First Prize 所抓取的东西都能生火!\n如果 First Prize 拿起了劣质燃料, 请等待一会儿, 直到有优质燃料来替代它."},
{"key":"Mgm_Campfire_Tut5","value":"一旦失误, 火力就会减弱一点……\n哎呀, 天气变冷了!"},
{"key":"Mgm_Campfire_Tut6","value":"如果你添加了足够的燃料并且没有犯任何错误,\n那团火将会再次明亮起来!"},
{"key":"Mgm_Campfire_Tut7","value":"如果火灭了, 游戏就结束了!"},
{"key":"Mgm_Campfire_Tut8","value":"注意! 事情可能会变得非常疯狂!"},
{"key":"Mgm_Campfire_Tut_Good","value":"好燃料:"},
{"key":"Mgm_Campfire_Tut_Bad","value":"劣质燃料:"},

	{"key":"Comment_Sfx starts here","value":"COMMENT"},
{"key":"Sfx_Doors_StandardOpen","value":"*开门*"},
{"key":"Sfx_Doors_StandardShut","value":"*关门!*"},
{"key":"Sfx_Doors_Locker","value":"*砰!*"},
{"key":"Sfx_Doors_StandardLocked","value":"*锁*"},
{"key":"Sfx_Doors_StandardLock","value":"*锁!*"},
{"key":"Sfx_Doors_StandardUnlock","value":"*解锁!*"},
{"key":"Sfx_Doors_Swinging","value":"*平开门打开*"},
{"key":"Sfx_Elv_Buzz","value":"*嗡嗡*"},
{"key":"Sfx_Elv_Close","value":"*电梯关闭*"},
{"key":"Sfx_Elv_Gate","value":"*砰!*"},
{"key":"Sfx_Elv_Open","value":"*电梯打开"},
{"key":"Sfx_Elv_Running","value":"*电梯噪音*"},
{"key":"Sfx_Elv_Stopped","value":"*电梯停止*"},
{"key":"Sfx_AutoDoor_Open","value":"*自动门打开*"},
{"key":"Sfx_AutoDoor_Close","value":"*自动门关闭*"},
{"key":"Sfx_Sfx_EventStartBell","value":"*叮铃铃*"},
{"key":"Sfx_Effects_Pop","value":"*啵!*"},
{"key":"Sfx_Doors_LockStop","value":"*砰!*"},
{"key":"Sfx_LockdownDoor","value":"*门电机运行中...*"},
{"key":"Sfx_LOL","value":"LOL"},
{"key":"Sfx_RotoHallLoop","value":"*Roto hall turning*"},
{"key":"SFX_RotoStart","value":"*Roto hall turning*"},
{"key":"SFX_RotoStop","value":"*Roto hall stops turning*"},
{"key":"Sfx_CartoonKnock_Trimmed","value":"*踩*"},
{"key":"Sfx_Crafters_Loop","value":"*嘶嘶*"},
{"key":"Sfx_Crafters_Intro","value":"*嘶嘶*"},
{"key":"Sfx_EventStartBell","value":"*叮铃铃!*"},
{"key":"Sfx_LAt_Loop","value":"*脑子里的嗡嗡声*"},
{"key":"Sfx_LAt_BlindStart","value":"*脑子里的嗡嗡声*"},
{"key":"Sfx_ErrorMaybe","value":"这里不行."},
{"key":"Sfx_AppleCrunch","value":"*吃*"},
{"key":"Sfx_Misc_ChipCrunch","value":"*吃*"},
{"key":"Sfx_BearTrap","value":"*铛*"},
{"key":"Sfx_1PR_Motor","value":"*机器运行*"},
{"key":"Sfx_NoteRespawn","value":"一本笔记本刷新了!"},
{"key":"Sfx_BellGeneric","value":"叮!"},
{"key":"Sfx_Bang","value":"砰!"},
{"key":"Sfx_Woosh","value":"*呼呼!*"},
{"key":"Sfx_GlassBreak","value":"碎裂!"},
{"key":"Sfx_Slurp","value":"*喝水*"},
{"key":"Sfx_ClockWind","value":"*呼呼*"},
{"key":"Sfx_Doors_Knock","value":"*咚! 咚! 咚!*"},
	{"key":"Comment Environment sound starts here","value":"COMMENT"},
{"key":"Sfx_ConveyorBeltLoop","value":"*输送带运行*"},
{"key":"Sfx_Crickets","value":"*Crickest chirping*"},
{"key":"Sfx_Dryer","value":"*烘干机运行?*"},
{"key":"Sfx_Fire","value":"*火噼啪作响*"},
{"key":"Sfx_ShrinkMachine_Door","value":"*呼啸而过*"},
{"key":"Sfx_Activity_Correct","value":"*正确的铃声*"},
{"key":"Sfx_Activity_Incorrect","value":"*错误的嗡嗡声*"},
{"key":"Sfx_TimeLimitBell","value":"*叮铃铃*"},
{"key":"Sfx_TimeLimitTicking","value":"*tick* *tock* *tick* *tock* *tick* *tock*"},

	{"key":"Comment Sfx_Items starts here","value":"COMMENT"},
{"key":"SFX_Items_ClockBell","value":"*闹钟响了!*"},
{"key":"SFX_Items_ClockTick","value":"*滴答滴答*"},
{"key":"SFX_Items_AntiHearing","value":"*烦人的噪声*"},
{"key":"Sfx_Items_NoSquee","value":"*涂抹*"},
{"key":"Sfx_Items_PriWhistle","value":"*口哨*"},
{"key":"Sfx_Item_Teleport","value":"*传送!*"},
{"key":"Sfx_Slap","value":"*啪!*"},
{"key":"Sfx_Nana_Loop","value":"*滑倒*"},
{"key":"Sfx_Nana_Slip","value":"*wei~~*"},
{"key":"Sfx_Nana_Sput","value":"*啪*"},

	{"key":"Comment Sfx_Water starts here","value":"COMMENT"},
{"key":"Sfx_Whirlpool","value":"*漩涡*"},

	{"key":"Comment_Sfx_Baldi starts here","value":"COMMENT"},
{"key":"Sfx_Baldi_Slap","value":"*啪*"},
{"key":"Sfx_Baldi_Break","value":"*断裂*"},
{"key":"Sfx_Lose_Buzz","value":"*巨大的噪声*"},

		{"key":"Comment Vfx Start Here","value":"COMMENT"},

	{"key":"Comment Generic VFX start here","value":"COMMENT"},
{"key":"Vfx_0","value":"0"},
{"key":"Vfx_1","value":"1"},
{"key":"Vfx_2","value":"2"},
{"key":"Vfx_3","value":"3"},
{"key":"Vfx_4","value":"4"},
{"key":"Vfx_5","value":"5"},
{"key":"Vfx_6","value":"6"},
{"key":"Vfx_7","value":"7"},
{"key":"Vfx_8","value":"8"},
{"key":"Vfx_9","value":"9"},
{"key":"Vfx_10","value":"10"},
{"key":"Vfx_0!","value":"0!"},
{"key":"Vfx_1!","value":"1!"},
{"key":"Vfx_2!","value":"2!"},
{"key":"Vfx_3!","value":"3!"},
{"key":"Vfx_4!","value":"4!"},
{"key":"Vfx_5!","value":"5!"},
{"key":"Vfx_6!","value":"6!"},
{"key":"Vfx_7!","value":"7!"},
{"key":"Vfx_8!","value":"8!"},
{"key":"Vfx_9!","value":"9!"},
{"key":"Vfx_10!","value":"10!"},

	{"key":"Comment Baldi VFX start here","value":"COMMENT"},
{"key":"Vfx_BAL_Apple","value":"一个苹果?给我的?谢谢!"},
{"key":"Vfx_BAL_Countdown","value":"987654321!"},
{"key":"Vfx_BAL_HideSeek","value":"哦,嗨! 我们一起玩躲猫猫吧!"},
{"key":"Vfx_BAL_NoPass_0","value":"等等! 你没有通行证."},
{"key":"Vfx_BAL_NoPass_1","value":"如果你想野营就必须带一个!."},
{"key":"Vfx_BAL_Intro_Camping","value":"我们去野营吧!"},
{"key":"Vfx_BAL_Intro_Farm","value":"我们去农场吧!"},
{"key":"Vfx_Baldi_KSL2","value":"你做的很棒! 我们在玩一把吧!"},
{"key":"Vfx_Baldi_KSL3","value":"好好玩啊! 继续-"},
{"key":"Vfx_BAL_ReadyOrNot","value":"准备好了没啊, 我来啦!"},
{"key":"Vfx_BAL_ThanksForPlaying","value":"谢谢你的游玩,下次再来!"},
{"key":"Vfx_BAL_Wow","value":"哇!"},
{"key":"Vfx_BAL_Yum","value":"好吃!"},
{"key":"Vfx_BAL_Ohh","value":"啊啊哦哦哦哦..."},
{"key":"Vfx_BAL_TryAgain","value":"再试一遍吧!"},

{"key":"Vfx_BAL_Praise1","value":"哈哈!答案没问题!"},
{"key":"Vfx_BAL_Praise2","value":"很好!答案是对的!"},
{"key":"Vfx_BAL_Praise3","value":"这题作对了!"},
{"key":"Vfx_BAL_Praise4","value":"你做的太棒了!"},
{"key":"Vfx_BAL_Praise5","value":"我不敢相信!你太厉害了!"},
{"key":"Vfx_BAL_Praise6","value":"哇,我觉得你比我聪明欸!"},
{"key":"Vfx_BaldiSings1","value":"你赢了我的游戏!"},
{"key":"Vfx_BaldiSings2","value":"你学到了很多!"},
{"key":"Vfx_BaldiSings3","value":"你来了真好,"},
{"key":"Vfx_BaldiSings4","value":"'因为你被教导了!"},
{"key":"Vfx_BaldiSings5","value":"现在你知道了"},
{"key":"Vfx_BaldiSings6","value":"如何使用你的大脑!"},
{"key":"Vfx_BaldiSings7","value":"我会让你走的"},
{"key":"Vfx_BaldiSings8","value":"直到你再来!"},
{"key":"Vfx_BAL_Welcome","value":"哦,嗨! 欢迎来到我的学校!"},
{"key":"Vfx_BAL_AllNotebooks_1","value":"恭喜啊! 你居然找到了-"},
{"key":"Vfx_BAL_AllNotebooks_2","value":"本笔记本!"},
{"key":"Vfx_BAL_AllNotebooks_3","value":"那你现在需要做的是.."},
{"key":"Vfx_BAL_AllNotebooks_4","value":"在我抓住你之前找到一条出路!"},
{"key":"Vfx_BAL_AllNotebooks_5","value":"哈哈哈啊!"},
{"key":"Vfx_BAL_Event_Flood_1","value":"看起来下水管道又漏了."},
{"key":"Vfx_BAL_Event_Flood_2","value":"小心漩涡哦!"},
{"key":"Vfx_BAL_Event_Fog_1","value":"啊哦. 看来我的烟雾机又出现故障了."},
{"key":"Vfx_BAL_Event_Fog_2","value":"我- 我什么也看不见了!"},
{"key":"Vfx_BAL_Event_Gravity_1","value":"哇! 重力变得不对劲了!"},
{"key":"Vfx_BAL_Event_Gravity_2","value":"但是, 我的最新发明一定取得了巨大的成功!"},
{"key":"Vfx_BAL_Event_MysteryRoom_1","value":"嘿! 一个神秘房间出现了!"},
{"key":"Vfx_BAL_Event_MysteryRoom_2","value":"在他消失之前找到它吧!"},
{"key":"Vfx_BAL_Event_Party_1","value":"Principal(校长)的办公室开了一场派对!"},
{"key":"Vfx_BAL_Event_Party_2","value":"快去那里拿一份礼物吧!"},
{"key":"Vfx_BAL_Event_Ruler","value":"啊啊啊啊啊啊啊啊啊"},
{"key":"Vfx_BAL_Event_TestProcedure_1","value":"全体注意! 测试程序正在启动!"},
{"key":"Vfx_BAL_Event_TestProcedure_2","value":"我们定期对超级大门进行测试, 以确保学生在课程结束前不能离开!"},
{"key":"Vfx_BAL_TimeOut_1","value":"放学了, 学校要关门了!"},
{"key":"Vfx_BAL_TimeOut_2","value":"你最好快点收拾东西, 不然我可就找到你咯!"},

	{"key":"Comment Farm VFX and SFX start here","value":"COMMENT"},
{"key":"Vfx_Farm_FarmBring","value":"把发出以下声声音的动物带到谷仓里!"},
{"key":"Vfx_Farm_FarmIntro1","value":"欢迎来到农场!"},
{"key":"Vfx_Farm_FarmIntro2","value":"农民需要我们的帮助才能将动物带入谷仓 (房子里)!"},
{"key":"Vfx_Farm_FarmIntro3","value":"我会告诉你我们需要什么动物的."},
{"key":"Vfx_Farm_FarmIntro4","value":"然后你需要找到所有匹配的动物，把它们带到谷仓 (房子里)."},
{"key":"Vfx_Farm_FarmIntro5","value":"只需单击动物即可捡起它。然后带着它穿过迷宫，进入谷仓 (房子里)!"},
{"key":"Vfx_Farm_FarmIntro6","value":"一切就绪！让我们开始吧!"},
{"key":"Vfx_Farm_FarmWin","value":"哇奥! 你太棒了! 农夫把如下东西送给你作为感谢!"},
{"key":"Sfx_Chicken","value":"咕咕咕!"},
{"key":"Sfx_Cow","value":"牛叫!"},
{"key":"Sfx_Pig","value":"猪的叫声!"},
{"key":"Sfx_Sheep","value":"咩~~~!"},

	{"key":"Comment Camping VFX and SFX start here","value":"COMMENT"},
{"key":"Vfx_Camp_CampingIntro_1","value":"欢迎来到露营地!"},
{"key":"Vfx_Camp_CampingIntro_2","value":"看看四周, 感受新鲜空气"},
{"key":"Vfx_Camp_CampingIntro_3","value":"我已经点火了, 但如果你愿意, 你可以帮我继续火"},
{"key":"Vfx_Camp_CampingIntro_4","value":"或者"},
{"key":"Vfx_Camp_CampingIntro_5","value":"您可以前往野餐桌，我们可以吃点东西!"},
{"key":"Vfx_Camp_CampingIntro_6","value":"如果您需要学习如何玩迷你游戏, 请点击我~~!"},
{"key":"Vfx_Camp_CampingIntro_7","value":"准备好开始小游戏后, 找到附近的可点击对象."},
{"key":"Vfx_Camp_CampingIntro_8","value":"就是这么简单!"},
{"key":"Vfx_Camp_CampingIntro_9","value":"如果你赢得了一个小游戏, 你可以选择三件物品带回来."},
{"key":"Vfx_Camp_CampingIntro_10","value":"哇!"},
{"key":"Vfx_Camp_CampingIntro_11","value":"祝你开心!"},

	{"key":"Comment Cloudy Copter VFX start here","value":"COMMENT"},
{"key":"Vfx_Cmlo_Blowing","value":"*吹风*"},
{"key":"Vfx_Cmlo_Poof","value":"*噗*"},

	{"key":"Comment Principal VFX start here","value":"COMMENT"},
{"key":"Vfx_PRI_Detention","value":"禁闭时间!"},
{"key":"Vfx_PRI_Scold1","value":"你不应该在做了."},
{"key":"Vfx_PRI_15","value":"15秒"},
{"key":"Vfx_PRI_20","value":"20秒"},
{"key":"Vfx_PRI_25","value":"25秒"},
{"key":"Vfx_PRI_30","value":"30秒"},
{"key":"Vfx_PRI_35","value":"35秒"},
{"key":"Vfx_PRI_40","value":"40秒"},
{"key":"Vfx_PRI_45","value":"45秒"},
{"key":"Vfx_PRI_50","value":"50秒"},
{"key":"Vfx_PRI_55","value":"55秒"},
{"key":"Vfx_PRI_60","value":"60秒"},
{"key":"Vfx_PRI_99","value":"99秒"},
{"key":"Vfx_PRI_Coming","value":"不要担心,我来了!"},
{"key":"Vfx_PRI_NoAfterHours","value":"不准在放学后进入学校!"},
{"key":"Vfx_PRI_NoBullying","value":"不准欺负同学!"},
{"key":"Vfx_PRI_NoDrinking","value":"不能在学校里喝饮料!"},
{"key":"Vfx_PRI_NoEating","value":"不准在学校吃东西!"},
{"key":"Vfx_PRI_NoEscaping","value":"不准逃离禁闭室!"},
{"key":"Vfx_PRI_NoFaculty","value":"不准进办公室!"},
{"key":"Vfx_PRI_NoLockers","value":"不准看别人的储物柜!"},
{"key":"Vfx_PRI_NoRunning","value":"学校里不能跑步!"},
{"key":"Vfx_PRI_NoStabbing","value":"不准刺伤人!"},
{"key":"Vfx_PRI_Scold2","value":"你什么时候才能改掉臭毛病啊?"},
{"key":"Vfx_PRI_Whistle","value":"*口哨*"},
{"key":"Vfx_PRI_Scold3","value":"你的家长会知道这件事的!"},
{"key":"Vfx_PRI_Scold4","value":"不要在干这事了!"},

	{"key":"Comment Beans VFX start here","value":"COMMENT"},
{"key":"Vfx_Ben_NeatTrick","value":"说，谁在看一个巧妙的把戏?"},
{"key":"Vfx_Beans_Skip_Buckle","value":"一,二,扣好我的鞋扣.三,四我给你准备了口香糖!"},
{"key":"Vfx_Ben_Anyone","value":"有人想看什么神奇的东西吗?"},
{"key":"Vfx_Beans_Skip_Pain","value":"我跳过了一整天, 我说着说着, 我迈开步子, 我跳过是为了消除烦恼!"},
{"key":"Vfx_Ben_Skip_Chant1","value":"嚼啊嚼, 我嚼着口香糖."},
{"key":"Vfx_Ben_Skip_Chant2","value":"哈哈, 今天真开心!"},
{"key":"Vfx_Ben_HeyYou","value":"嘿,看看这个!"},
{"key":"Vfx_Ben_Prepare","value":"为精彩的东西做好准备!"},
{"key":"Vfx_Ben_Grownups","value":"嘘! 别让大人发现这个."},
{"key":"Vfx_Ben_WatchPro","value":"看该收如何大展身手!"},
{"key":"Vfx_Ben_FeastEyes","value":"让你大饱眼福, 而我却在享用口香糖!"},
{"key":"Vfx_Ben_Spit_OhNo","value":"哦不!"},
{"key":"Vfx_Ben_GumLoose","value":"口香糖来了!"},
{"key":"Vfx_Ben_Spit_HeadsUp","value":"当心!"},
{"key":"Vfx_Ben_Spit_WatchOut","value":"小心!"},
{"key":"Vfx_Ben_Spit_CantLook","value":"我看不见了!"},
{"key":"Vfx_Ben_Spit_HeldBack","value":"哼... 也许这就是他们阻止我的原因."},
{"key":"Vfx_Ben_NeverHere","value":"好吧, 就当无事发生!"},
{"key":"Vfx_Ben_HippityHey","value":"嘿呦瞧一瞧, 时间走的俏; 我得找一找, 更多韵脚宝."},
{"key":"Vfx_Beans_Skip_Away","value":"赶快跳开,它会走的."},
{"key":"Vfx_Ben_Spit_SorryAdvance","value":"我提前说一声对不起!"},
{"key":"Vfx_Ben_BeSent","value":"被送到校长那里, 敲敲脑袋想起来, 惹出一圈圈涟漪!"},
{"key":"Vfx_Ben_Spit_Casserole","value":"哎, 真的是."},
{"key":"Vfx_Ben_TimeBounce","value":"在他们把书扔给我之前,该反弹了，该逃跑了!"},
{"key":"Vfx_Ben_Nope","value":"额...没事."},
{"key":"Vfx_Ben_Sorry","value":"他们可能会生我的气,抱歉!"},
{"key":"Vfx_Ben_Blowing","value":"*吹泡泡*"},
{"key":"Vfx_Ben_Spit","value":"*吐出*"},
{"key":"Sfx_Ben_Splat","value":"*啪!*"},
{"key":"Vfx_Ben_Splat","value":"*啪!*"},
{"key":"Sfx_Ben_Gum_Whoosh","value":"*嗖嗖*"},

	{"key":"Comment Playtime VFX start here","value":"COMMENT"},
{"key":"Vfx_Playtime_1","value":"1!"},
{"key":"Vfx_Playtime_2","value":"2!"},
{"key":"Vfx_Playtime_3","value":"3!"},
{"key":"Vfx_Playtime_4","value":"4!"},
{"key":"Vfx_Playtime_5","value":"5!"},
{"key":"Vfx_Playtime_6","value":"6!"},
{"key":"Vfx_Playtime_7","value":"7!"},
{"key":"Vfx_Playtime_8","value":"8!"},
{"key":"Vfx_Playtime_9","value":"9!"},
{"key":"Vfx_Playtime_10","value":"10!"},
{"key":"Vfx_Playtime_Congrats","value":"哇! 做的很棒!有时间我们还来!"},
{"key":"Vfx_Playtime_Instructions","value":""},
{"key":"Vfx_Playtime_Laugh","value":"哈哈哈啊!"},
{"key":"Vfx_Playtime_LetsPlay","value":"来玩吗!"},
{"key":"Vfx_Playtime_Oops","value":"啊?你失误了!"},
{"key":"Vfx_Playtime_ReadyGo","value":"准备, 开始!"},
{"key":"Vfx_Playtime_Sad","value":"哦!你这样会让我很难受的...!"},
{"key":"Vfx_Playtime_WannaPlay","value":"我想跟别人玩游戏!"},
{"key":"Hud_Playtime_Instructions","value":"现在是跳绳时间!\n请按 {0} 跳绳!"},

	{"key":"Comment Bully VFX start here","value":"COMMENT"},
{"key":"Vfx_Bully_Bored","value":"我无聊了..."},
{"key":"Vfx_Bully_Donation","value":"感谢你的馈赠!.."},
{"key":"Vfx_Bully_GiveGreat","value":"给我有些好东西在走..."},
{"key":"Vfx_Bully_NoItems","value":"啊?! 没有东西,滚一边去..."},
{"key":"Vfx_BUL_Sticks","value":"给我那些树枝..."},
{"key":"Vfx_Bully_TakeCandy","value":"我想拿走你的糖果..."},
{"key":"Vfx_Bully_TakeThat","value":"我会接受你的东西的!但他现在使我的了..."},
{"key":"Vfx_Bully_Sticks","value":"给我那些树枝..."},

	{"key":"Comment Chalkles VFX start here","value":"COMMENT"},
{"key":"Sfx_Chalk_Spawn","value":"*颤音*"},
{"key":"Sfx_Chalk_Laugh","value":"*烦人的笑声*"},

	{"key":"Comment First Prize VFX start here","value":"COMMENT"},
{"key":"Vfx_Prize_AmComing","value":"我已经准备好了不知道你有没有"},
{"key":"Vfx_Prize_AmLooking","value":"我在找你"},
{"key":"Vfx_Prize_Bang","value":"*啪!"},
{"key":"Vfx_Prize_BeenProgrammed","value":"我已经被编程成你喜欢的样子了"},
{"key":"Vfx_Prize_HaveLost","value":"我看不见你了,我不喜欢这样"},
{"key":"Vfx_Prize_IHug","value":"我想拥抱人们"},
{"key":"Vfx_Prize_ISeeYou","value":"我看到你啦 - 朋友"},
{"key":"Vfx_Prize_Marry","value":"你想跟我结婚吗"},
{"key":"Vfx_Prize_OhNo","value":"哦 - 不"},

	{"key":"Comment Gotta Sweep VFX start here","value":"COMMENT"},
{"key":"Vfx_Sweep_GottaSweep","value":"必须扫扫扫!"},
{"key":"Vfx_Sweep_Intro","value":"看样子该扫地了!"},
{"key":"Vfx_Sweep_GottaReap","value":"必须收收收!!"},

	{"key":"Comment Mrs. Pomp VFX start here","value":"COMMENT"},
{"key":"Vfx_NoL_CheckMap","value":"记得赶快来我的教室."},
{"key":"Vfx_NoL_ClassDismissed","value":"下课!"},
{"key":"Vfx_NoL_JustinTime","value":"来的正是时候!"},
{"key":"Vfx_NoL_Minutes","value":"分钟."},
{"key":"Vfx_NoL_MinutesLeft","value":"剩余分钟."},
{"key":"Vfx_NoL_Nums_0","value":"0"},
{"key":"Vfx_NoL_Nums_1","value":"1"},
{"key":"Vfx_NoL_Nums_2","value":"2"},
{"key":"Vfx_NoL_Nums_3","value":"3"},
{"key":"Vfx_NoL_Nums_4","value":"4"},
{"key":"Vfx_NoL_Nums_5","value":"5"},
{"key":"Vfx_NoL_Nums_6","value":"6"},
{"key":"Vfx_NoL_Nums_7","value":"7"},
{"key":"Vfx_NoL_Nums_8","value":"8"},
{"key":"Vfx_NoL_Nums_9","value":"9"},
{"key":"Vfx_NoL_RemindingYou","value":"只是来提醒一下到时候来我的课堂,有"},
{"key":"Vfx_NoL_Scream","value":"为什么!!!!!!为什么你不在我的教室?!?!?!?!?!?!?!"},
{"key":"Vfx_NoL_TimesUp","value":"时间到..."},
{"key":"Vfx_NoL_YouThere","value":"你在这里啊!"},

	{"key":"Comment Johnny VFX start here","value":"COMMENT"},
{"key":"Vfx_Jon_Buy1","value":"哦！我喜欢这样!"},
{"key":"Vfx_Jon_Buy2","value":"这可能会派上用场!!"},
{"key":"Vfx_Jon_Buy3","value":"完全物有所值!"},
{"key":"Vfx_Jon_Buy4","value":"谢谢！现在我可能不会挨饿了!"},
{"key":"Vfx_Jon_Buy5","value":"谢谢！我的父母会为我做一笔交易而感到自豪."},
{"key":"Vfx_Jon_Buy6","value":"谢谢，反正我讨厌那玩意!"},
{"key":"Vfx_Jon_DidntWant","value":"反正我今天真的不想吃东西......"},
{"key":"Vfx_Jon_Expel1","value":"好吧，我会处理的."},
{"key":"Vfx_Jon_Expel2","value":"好的，我会让他们知道的."},
{"key":"Vfx_Jon_Expel3","value":"你真他妈是个<b>混蛋</b>!"},
{"key":"Vfx_Jon_ExpelWho","value":"你想开除谁?"},
{"key":"Vfx_Jon_FaveCustomer","value":"你是见过最好的顾客! 再见!"},
{"key":"Vfx_Jon_Hi","value":"你好, 我是Johnny (约翰尼)!"},
{"key":"Vfx_Jon_InfoExpel","value":"你可以在剩下的游戏中驱逐某人!"},
{"key":"Vfx_Jon_InfoMap","value":"这将填写您的地图以进入下一层."},
{"key":"Vfx_Jon_InfoMapShort","value":"这会填满你的地图."},
{"key":"Vfx_Jon_MapFilled","value":"考虑完整的地图!"},
{"key":"Vfx_Jon_MapFilled2","value":"有了它你现在就可以告别迷路了!"},
{"key":"Vfx_Jon_SayHi","value":"替我跟Baldi问好一下!"},
{"key":"Vfx_Jon_SeeLater","value":"待会儿见, 我还会在这里!"},
{"key":"Vfx_Jon_ThanksNot","value":"谢谢, 但你好像啥也没买"},
{"key":"Vfx_Jon_ThankYou","value":"感谢您的购物!"},
{"key":"Vfx_Jon_TooMuch1","value":"看起来你还没积分 (YTPS) !"},
{"key":"Vfx_Jon_TooMuch2","value":"等你有更多积分 (YTPs) 以后再来买东西吧."},
{"key":"Vfx_Jon_TooMuch3","value":"看起来你没有好好学习!"},
{"key":"Vfx_Jon_TooMuch4","value":"等你emmm...有积分 (YTPS) 了再来吧!"},
{"key":"Vfx_Jon_Welcome","value":"欢迎来到我的商店!"},
{"key":"Vfx_Jon_YouBreak","value":"你弄坏了你就买下来! ...尽管我通常是那个弄坏东西的人."},
{"key":"Vfx_Jon_Help","value":"我会处理的."},
{"key":"Vfx_Jon_ThatWasFun","value":"哇, 太有趣了!!! 我带了一些东西给你."},
{"key":"Vfx_Jon_BusPass","value":"哇, 谢谢! 我喜欢野营!"},

{"key":"Comment Dr. Reflex VFX start here","value":"COMMENT"},
{"key":"Vfx_DrR_AllDone","value":"一切就绪!"},
{"key":"Vfx_DrR_Angry_Random_0","value":"我要让你完成测试!"},
{"key":"Vfx_DrR_Angry_Random_1","value":"回来!"},
{"key":"Vfx_DrR_Angry_Random_2","value":"这一点也不疼!"},
{"key":"Vfx_DrR_Angry_Random_3","value":"别害怕我的锤子!"},
{"key":"Vfx_DrR_Angry_Random_4","value":"往哪跑呢?"},
{"key":"Vfx_DrR_Angry_Random_5","value":"emmmmm..."},
{"key":"Vfx_DrR_Angry_Random_6","value":"你这样会让我的简历很不好的!"},
{"key":"Vfx_DrR_Angry_Random_7","value":"你快要把我弄哭了!"},
{"key":"Vfx_DrR_EverythingGood","value":"一切看起来都很正常!"},
{"key":"Vfx_DrR_Fast","value":"...快点哦"},
{"key":"Vfx_DrR_Faster","value":"希望下次还能更快!"},
{"key":"Vfx_DrR_FirstTry","value":"哇奥!第一次就成功了欸!"},
{"key":"Vfx_DrR_GoodJob","value":"做的太棒了!超过了全国99%的用户!"},
{"key":"Vfx_DrR_Happy_Random_0","value":"有人需要做检查吗?"},
{"key":"Vfx_DrR_Happy_Random_1","value":"我会测试你的反射神经!"},
{"key":"Vfx_DrR_Happy_Random_2","value":"谁想要测试他的反射神经?"},
{"key":"Vfx_DrR_Happy_Random_3","value":"有人摔倒了吗? 可以来找我看病!"},
{"key":"Vfx_DrR_Happy_Random_4","value":"我的测试会治愈你的病痛!"},
{"key":"Vfx_DrR_HitCircle","value":"击中那个圆圈!"},
{"key":"Vfx_DrR_Indisputable","value":"测试结果是无可争辩的!"},
{"key":"Vfx_DrR_NotSoBad","value":"看到了吗? 你的神经也没刚刚那么坏嘛!"},
{"key":"Vfx_DrR_SessionNotOver","value":"什么?测试还没结束呢你居然跑了?"},
{"key":"Vfx_DrR_Think_End","value":"...在这"},
{"key":"Vfx_DrR_Think_Intro","value":"你在..."},
{"key":"Vfx_DrR_Think_Loop","value":"...在..."},
{"key":"Vfx_DrR_TooSlow","value":"太慢了!"},
{"key":"Vfx_DrR_TryAgain","value":"再来一遍!"},
{"key":"Vfx_DrR_UhOh","value":"啊哦!"},
{"key":"Vfx_DrR_Whoops","value":"哎呦!"},
{"key":"Vfx_DrR_Wrong","value":"你选的是错的那一个!"},
{"key":"Vfx_DrR_YouHealthy","value":"测试结果表明, 您的神经是非常健康的!"},

{"key":"Vfx_ThanksForPlaying","value":"谢谢游玩我的游戏."},

{"key":"Vfx_run","value":"快跑"},

{"key":"Mfx_mus_Playtime","value":"*音乐*"},
{"key":"Mfx_Party","value":"*派对音乐*"},

	{"key":"Comment Encrypted subtitles start here","value":"COMMENT"},
{"key":"Tfx_Enc_Test","value":"C6SbFlVfe/Dt6ThYSjEZZTb3WNWa4IcRtVBzjAocTVx4yguecqKjYb9ulq+YsRHHduoCzNJBC5WEi7xvUl7DOjijxgi5U8xD5F1EfmEQBUENwIccB4uRRKhxpr4xq/TVBne14nNlkKU3Lg87ms12bPvNf8g1TSMAZDOx9TWIHDM="},

{"key":"End", "value":"Woah, this is the end of the .json file!"}]}
